destination_country,deliveries,total_cost,avg_cost_per_km,avg_cost_per_kg,avg_distance
BE,773,556713.6749722,1.0502961246716025,0.29166804419127357,686.6778783958603
DE,1412,933482.49110362,1.0433786893711168,0.27014321133407065,633.5389518413598
PL,1429,1236459.50752167,1.0411977355448772,0.33705741658490596,831.0132960111966
IT,744,1011080.3539242,1.0369203192397265,0.5466105733555914,1310.5094086021506
NL,1492,999618.33779847,1.0347132789017524,0.28002433751189837,647.0958445040214
FR,1401,1357875.50947556,1.033977237352596,0.394100890117117,939.2412562455389
ES,705,1213709.9720439,1.0290278356605702,0.6878021632420656,1670.9560283687943
