Variable,Correlation_r
month,0.30565847206513974
destination_city,0.13947478079978107
destination_country,0.11713332708553391
distance_km,0.11551590066026575
transport_cost_eur,0.10043922759525345
origin_warehouse,0.04654988649878536
product_type,0.03102038228089981
date,0.02857535324755639
volume_kg,-0.00661697457955039
