destination_country,deliveries,delayed_count,avg_delay_hours,avg_delivery_time,pct_delayed
BE,773,156,1.3716577540106951,9.993313429857697,20.18111254851229
DE,1412,207,1.0204363636363636,9.168501330253541,14.660056657223796
ES,705,224,2.1620234604105573,23.473614998510637,31.773049645390074
FR,1401,274,1.4252384446074835,13.307461640859385,19.55745895788722
IT,744,204,2.0529655172413794,19.126844466330645,27.419354838709676
NL,1492,246,1.1464435146443515,9.246493427701072,16.487935656836463
PL,1429,279,1.324066091954023,11.914163119393981,19.52414275717285
